intent_id,intent_name,platform,sector,city,buyer_signal_strength,daily_target_min,daily_target_max,query_1,query_2,query_3,query_4,query_5,query_6,exclude_terms,target_roles,offer_angle
vehicle_purchase,Vehicle Purchase and Fleet Upgrade,LinkedIn,Mobility,Nairobi,hot,10,30,"""looking for a car"" Kenya","""looking for a car"" Nairobi","Mobility ""looking for a car"" Kenya",Mobility buyer intent Kenya,Mobility procurement need Kenya,Mobility operations pain Kenya,car news | car meme | job vacancy | dealer ad,Operations Manager | Fleet Manager | Procurement Lead | Founder,faster shortlist + decision support + direct supplier route
vehicle_purchase,Vehicle Purchase and Fleet Upgrade,LinkedIn,Mobility,Nairobi,hot,10,30,"""need a vehicle"" Kenya","""need a vehicle"" Nairobi","Mobility ""need a vehicle"" Kenya",Mobility buyer intent Kenya,Mobility procurement need Kenya,Mobility operations pain Kenya,car news | car meme | job vacancy | dealer ad,Operations Manager | Fleet Manager | Procurement Lead | Founder,faster shortlist + decision support + direct supplier route
vehicle_purchase,Vehicle Purchase and Fleet Upgrade,LinkedIn,Mobility,Nairobi,hot,10,30,"""fleet upgrade"" Kenya","""fleet upgrade"" Nairobi","Mobility ""fleet upgrade"" Kenya",Mobility buyer intent Kenya,Mobility procurement need Kenya,Mobility operations pain Kenya,car news | car meme | job vacancy | dealer ad,Operations Manager | Fleet Manager | Procurement Lead | Founder,faster shortlist + decision support + direct supplier route
vehicle_purchase,Vehicle Purchase and Fleet Upgrade,LinkedIn,Mobility,Nairobi,hot,10,30,"""buy pickup"" Kenya","""buy pickup"" Nairobi","Mobility ""buy pickup"" Kenya",Mobility buyer intent Kenya,Mobility procurement need Kenya,Mobility operations pain Kenya,car news | car meme | job vacancy | dealer ad,Operations Manager | Fleet Manager | Procurement Lead | Founder,faster shortlist + decision support + direct supplier route
vehicle_purchase,Vehicle Purchase and Fleet Upgrade,LinkedIn,Mobility,Nairobi,hot,10,30,"""comparing car models"" Kenya","""comparing car models"" Nairobi","Mobility ""comparing car models"" Kenya",Mobility buyer intent Kenya,Mobility procurement need Kenya,Mobility operations pain Kenya,car news | car meme | job vacancy | dealer ad,Operations Manager | Fleet Manager | Procurement Lead | Founder,faster shortlist + decision support + direct supplier route
vehicle_purchase,Vehicle Purchase and Fleet Upgrade,LinkedIn,Mobility,Nairobi,hot,10,30,"""fuel efficient car"" Kenya","""fuel efficient car"" Nairobi","Mobility ""fuel efficient car"" Kenya",Mobility buyer intent Kenya,Mobility procurement need Kenya,Mobility operations pain Kenya,car news | car meme | job vacancy | dealer ad,Operations Manager | Fleet Manager | Procurement Lead | Founder,faster shortlist + decision support + direct supplier route
vehicle_purchase,Vehicle Purchase and Fleet Upgrade,LinkedIn,Mobility,Mombasa,hot,10,30,"""looking for a car"" Kenya","""looking for a car"" Mombasa","Mobility ""looking for a car"" Kenya",Mobility buyer intent Kenya,Mobility procurement need Kenya,Mobility operations pain Kenya,car news | car meme | job vacancy | dealer ad,Operations Manager | Fleet Manager | Procurement Lead | Founder,faster shortlist + decision support + direct supplier route
vehicle_purchase,Vehicle Purchase and Fleet Upgrade,LinkedIn,Mobility,Mombasa,hot,10,30,"""need a vehicle"" Kenya","""need a vehicle"" Mombasa","Mobility ""need a vehicle"" Kenya",Mobility buyer intent Kenya,Mobility procurement need Kenya,Mobility operations pain Kenya,car news | car meme | job vacancy | dealer ad,Operations Manager | Fleet Manager | Procurement Lead | Founder,faster shortlist + decision support + direct supplier route
vehicle_purchase,Vehicle Purchase and Fleet Upgrade,LinkedIn,Mobility,Mombasa,hot,10,30,"""fleet upgrade"" Kenya","""fleet upgrade"" Mombasa","Mobility ""fleet upgrade"" Kenya",Mobility buyer intent Kenya,Mobility procurement need Kenya,Mobility operations pain Kenya,car news | car meme | job vacancy | dealer ad,Operations Manager | Fleet Manager | Procurement Lead | Founder,faster shortlist + decision support + direct supplier route
vehicle_purchase,Vehicle Purchase and Fleet Upgrade,LinkedIn,Mobility,Mombasa,hot,10,30,"""buy pickup"" Kenya","""buy pickup"" Mombasa","Mobility ""buy pickup"" Kenya",Mobility buyer intent Kenya,Mobility procurement need Kenya,Mobility operations pain Kenya,car news | car meme | job vacancy | dealer ad,Operations Manager | Fleet Manager | Procurement Lead | Founder,faster shortlist + decision support + direct supplier route
vehicle_purchase,Vehicle Purchase and Fleet Upgrade,LinkedIn,Mobility,Mombasa,hot,10,30,"""comparing car models"" Kenya","""comparing car models"" Mombasa","Mobility ""comparing car models"" Kenya",Mobility buyer intent Kenya,Mobility procurement need Kenya,Mobility operations pain Kenya,car news | car meme | job vacancy | dealer ad,Operations Manager | Fleet Manager | Procurement Lead | Founder,faster shortlist + decision support + direct supplier route
vehicle_purchase,Vehicle Purchase and Fleet Upgrade,LinkedIn,Mobility,Mombasa,hot,10,30,"""fuel efficient car"" Kenya","""fuel efficient car"" Mombasa","Mobility ""fuel efficient car"" Kenya",Mobility buyer intent Kenya,Mobility procurement need Kenya,Mobility operations pain Kenya,car news | car meme | job vacancy | dealer ad,Operations Manager | Fleet Manager | Procurement Lead | Founder,faster shortlist + decision support + direct supplier route
vehicle_purchase,Vehicle Purchase and Fleet Upgrade,LinkedIn,Mobility,Kisumu,hot,10,30,"""looking for a car"" Kenya","""looking for a car"" Kisumu","Mobility ""looking for a car"" Kenya",Mobility buyer intent Kenya,Mobility procurement need Kenya,Mobility operations pain Kenya,car news | car meme | job vacancy | dealer ad,Operations Manager | Fleet Manager | Procurement Lead | Founder,faster shortlist + decision support + direct supplier route
vehicle_purchase,Vehicle Purchase and Fleet Upgrade,LinkedIn,Mobility,Kisumu,hot,10,30,"""need a vehicle"" Kenya","""need a vehicle"" Kisumu","Mobility ""need a vehicle"" Kenya",Mobility buyer intent Kenya,Mobility procurement need Kenya,Mobility operations pain Kenya,car news | car meme | job vacancy | dealer ad,Operations Manager | Fleet Manager | Procurement Lead | Founder,faster shortlist + decision support + direct supplier route
equipment_procurement,Machinery and Equipment Procurement,LinkedIn,Manufacturing,Nairobi,hot,10,25,"""need supplier"" Kenya","""need supplier"" Nairobi","Manufacturing ""need supplier"" Kenya",Manufacturing buyer intent Kenya,Manufacturing procurement need Kenya,Manufacturing operations pain Kenya,equipment review | news article | old thread,Procurement Manager | Plant Manager | Operations Director,verified supplier matching + cost/time-to-delivery optimization
equipment_procurement,Machinery and Equipment Procurement,LinkedIn,Manufacturing,Nairobi,hot,10,25,"""buy machinery"" Kenya","""buy machinery"" Nairobi","Manufacturing ""buy machinery"" Kenya",Manufacturing buyer intent Kenya,Manufacturing procurement need Kenya,Manufacturing operations pain Kenya,equipment review | news article | old thread,Procurement Manager | Plant Manager | Operations Director,verified supplier matching + cost/time-to-delivery optimization
equipment_procurement,Machinery and Equipment Procurement,LinkedIn,Manufacturing,Nairobi,hot,10,25,"""industrial equipment"" Kenya","""industrial equipment"" Nairobi","Manufacturing ""industrial equipment"" Kenya",Manufacturing buyer intent Kenya,Manufacturing procurement need Kenya,Manufacturing operations pain Kenya,equipment review | news article | old thread,Procurement Manager | Plant Manager | Operations Director,verified supplier matching + cost/time-to-delivery optimization
equipment_procurement,Machinery and Equipment Procurement,LinkedIn,Manufacturing,Nairobi,hot,10,25,"""procure generator"" Kenya","""procure generator"" Nairobi","Manufacturing ""procure generator"" Kenya",Manufacturing buyer intent Kenya,Manufacturing procurement need Kenya,Manufacturing operations pain Kenya,equipment review | news article | old thread,Procurement Manager | Plant Manager | Operations Director,verified supplier matching + cost/time-to-delivery optimization
equipment_procurement,Machinery and Equipment Procurement,LinkedIn,Manufacturing,Nairobi,hot,10,25,"""equipment options"" Kenya","""equipment options"" Nairobi","Manufacturing ""equipment options"" Kenya",Manufacturing buyer intent Kenya,Manufacturing procurement need Kenya,Manufacturing operations pain Kenya,equipment review | news article | old thread,Procurement Manager | Plant Manager | Operations Director,verified supplier matching + cost/time-to-delivery optimization
equipment_procurement,Machinery and Equipment Procurement,LinkedIn,Manufacturing,Nairobi,hot,10,25,"""price comparison"" Kenya","""price comparison"" Nairobi","Manufacturing ""price comparison"" Kenya",Manufacturing buyer intent Kenya,Manufacturing procurement need Kenya,Manufacturing operations pain Kenya,equipment review | news article | old thread,Procurement Manager | Plant Manager | Operations Director,verified supplier matching + cost/time-to-delivery optimization
equipment_procurement,Machinery and Equipment Procurement,LinkedIn,Manufacturing,Mombasa,hot,10,25,"""need supplier"" Kenya","""need supplier"" Mombasa","Manufacturing ""need supplier"" Kenya",Manufacturing buyer intent Kenya,Manufacturing procurement need Kenya,Manufacturing operations pain Kenya,equipment review | news article | old thread,Procurement Manager | Plant Manager | Operations Director,verified supplier matching + cost/time-to-delivery optimization
equipment_procurement,Machinery and Equipment Procurement,LinkedIn,Manufacturing,Mombasa,hot,10,25,"""buy machinery"" Kenya","""buy machinery"" Mombasa","Manufacturing ""buy machinery"" Kenya",Manufacturing buyer intent Kenya,Manufacturing procurement need Kenya,Manufacturing operations pain Kenya,equipment review | news article | old thread,Procurement Manager | Plant Manager | Operations Director,verified supplier matching + cost/time-to-delivery optimization
equipment_procurement,Machinery and Equipment Procurement,LinkedIn,Manufacturing,Mombasa,hot,10,25,"""industrial equipment"" Kenya","""industrial equipment"" Mombasa","Manufacturing ""industrial equipment"" Kenya",Manufacturing buyer intent Kenya,Manufacturing procurement need Kenya,Manufacturing operations pain Kenya,equipment review | news article | old thread,Procurement Manager | Plant Manager | Operations Director,verified supplier matching + cost/time-to-delivery optimization
equipment_procurement,Machinery and Equipment Procurement,LinkedIn,Manufacturing,Mombasa,hot,10,25,"""procure generator"" Kenya","""procure generator"" Mombasa","Manufacturing ""procure generator"" Kenya",Manufacturing buyer intent Kenya,Manufacturing procurement need Kenya,Manufacturing operations pain Kenya,equipment review | news article | old thread,Procurement Manager | Plant Manager | Operations Director,verified supplier matching + cost/time-to-delivery optimization
equipment_procurement,Machinery and Equipment Procurement,LinkedIn,Manufacturing,Mombasa,hot,10,25,"""equipment options"" Kenya","""equipment options"" Mombasa","Manufacturing ""equipment options"" Kenya",Manufacturing buyer intent Kenya,Manufacturing procurement need Kenya,Manufacturing operations pain Kenya,equipment review | news article | old thread,Procurement Manager | Plant Manager | Operations Director,verified supplier matching + cost/time-to-delivery optimization
equipment_procurement,Machinery and Equipment Procurement,LinkedIn,Manufacturing,Mombasa,hot,10,25,"""price comparison"" Kenya","""price comparison"" Mombasa","Manufacturing ""price comparison"" Kenya",Manufacturing buyer intent Kenya,Manufacturing procurement need Kenya,Manufacturing operations pain Kenya,equipment review | news article | old thread,Procurement Manager | Plant Manager | Operations Director,verified supplier matching + cost/time-to-delivery optimization
equipment_procurement,Machinery and Equipment Procurement,LinkedIn,Manufacturing,Kisumu,hot,10,25,"""need supplier"" Kenya","""need supplier"" Kisumu","Manufacturing ""need supplier"" Kenya",Manufacturing buyer intent Kenya,Manufacturing procurement need Kenya,Manufacturing operations pain Kenya,equipment review | news article | old thread,Procurement Manager | Plant Manager | Operations Director,verified supplier matching + cost/time-to-delivery optimization
equipment_procurement,Machinery and Equipment Procurement,LinkedIn,Manufacturing,Kisumu,hot,10,25,"""buy machinery"" Kenya","""buy machinery"" Kisumu","Manufacturing ""buy machinery"" Kenya",Manufacturing buyer intent Kenya,Manufacturing procurement need Kenya,Manufacturing operations pain Kenya,equipment review | news article | old thread,Procurement Manager | Plant Manager | Operations Director,verified supplier matching + cost/time-to-delivery optimization
bulk_supply_procurement,Bulk Supply and Replenishment,LinkedIn,Retail,Nairobi,hot,12,30,"""bulk order"" Kenya","""bulk order"" Nairobi","Retail ""bulk order"" Kenya",Retail buyer intent Kenya,Retail procurement need Kenya,Retail operations pain Kenya,product promotion | B2C shopping post,Supply Chain Lead | Purchasing Officer | Store Operations Manager,stable supply pipeline + reorder automation
bulk_supply_procurement,Bulk Supply and Replenishment,LinkedIn,Retail,Nairobi,hot,12,30,"""need supplier urgently"" Kenya","""need supplier urgently"" Nairobi","Retail ""need supplier urgently"" Kenya",Retail buyer intent Kenya,Retail procurement need Kenya,Retail operations pain Kenya,product promotion | B2C shopping post,Supply Chain Lead | Purchasing Officer | Store Operations Manager,stable supply pipeline + reorder automation
bulk_supply_procurement,Bulk Supply and Replenishment,LinkedIn,Retail,Nairobi,hot,12,30,"""restocking"" Kenya","""restocking"" Nairobi","Retail ""restocking"" Kenya",Retail buyer intent Kenya,Retail procurement need Kenya,Retail operations pain Kenya,product promotion | B2C shopping post,Supply Chain Lead | Purchasing Officer | Store Operations Manager,stable supply pipeline + reorder automation
bulk_supply_procurement,Bulk Supply and Replenishment,LinkedIn,Retail,Nairobi,hot,12,30,"""wholesale supplier"" Kenya","""wholesale supplier"" Nairobi","Retail ""wholesale supplier"" Kenya",Retail buyer intent Kenya,Retail procurement need Kenya,Retail operations pain Kenya,product promotion | B2C shopping post,Supply Chain Lead | Purchasing Officer | Store Operations Manager,stable supply pipeline + reorder automation
bulk_supply_procurement,Bulk Supply and Replenishment,LinkedIn,Retail,Nairobi,hot,12,30,"""supplier recommendations"" Kenya","""supplier recommendations"" Nairobi","Retail ""supplier recommendations"" Kenya",Retail buyer intent Kenya,Retail procurement need Kenya,Retail operations pain Kenya,product promotion | B2C shopping post,Supply Chain Lead | Purchasing Officer | Store Operations Manager,stable supply pipeline + reorder automation
bulk_supply_procurement,Bulk Supply and Replenishment,LinkedIn,Retail,Nairobi,hot,12,30,"""MOQ"" Kenya","""MOQ"" Nairobi","Retail ""MOQ"" Kenya",Retail buyer intent Kenya,Retail procurement need Kenya,Retail operations pain Kenya,product promotion | B2C shopping post,Supply Chain Lead | Purchasing Officer | Store Operations Manager,stable supply pipeline + reorder automation
bulk_supply_procurement,Bulk Supply and Replenishment,LinkedIn,Retail,Mombasa,hot,12,30,"""bulk order"" Kenya","""bulk order"" Mombasa","Retail ""bulk order"" Kenya",Retail buyer intent Kenya,Retail procurement need Kenya,Retail operations pain Kenya,product promotion | B2C shopping post,Supply Chain Lead | Purchasing Officer | Store Operations Manager,stable supply pipeline + reorder automation
bulk_supply_procurement,Bulk Supply and Replenishment,LinkedIn,Retail,Mombasa,hot,12,30,"""need supplier urgently"" Kenya","""need supplier urgently"" Mombasa","Retail ""need supplier urgently"" Kenya",Retail buyer intent Kenya,Retail procurement need Kenya,Retail operations pain Kenya,product promotion | B2C shopping post,Supply Chain Lead | Purchasing Officer | Store Operations Manager,stable supply pipeline + reorder automation
bulk_supply_procurement,Bulk Supply and Replenishment,LinkedIn,Retail,Mombasa,hot,12,30,"""restocking"" Kenya","""restocking"" Mombasa","Retail ""restocking"" Kenya",Retail buyer intent Kenya,Retail procurement need Kenya,Retail operations pain Kenya,product promotion | B2C shopping post,Supply Chain Lead | Purchasing Officer | Store Operations Manager,stable supply pipeline + reorder automation
bulk_supply_procurement,Bulk Supply and Replenishment,LinkedIn,Retail,Mombasa,hot,12,30,"""wholesale supplier"" Kenya","""wholesale supplier"" Mombasa","Retail ""wholesale supplier"" Kenya",Retail buyer intent Kenya,Retail procurement need Kenya,Retail operations pain Kenya,product promotion | B2C shopping post,Supply Chain Lead | Purchasing Officer | Store Operations Manager,stable supply pipeline + reorder automation
bulk_supply_procurement,Bulk Supply and Replenishment,LinkedIn,Retail,Mombasa,hot,12,30,"""supplier recommendations"" Kenya","""supplier recommendations"" Mombasa","Retail ""supplier recommendations"" Kenya",Retail buyer intent Kenya,Retail procurement need Kenya,Retail operations pain Kenya,product promotion | B2C shopping post,Supply Chain Lead | Purchasing Officer | Store Operations Manager,stable supply pipeline + reorder automation
bulk_supply_procurement,Bulk Supply and Replenishment,LinkedIn,Retail,Mombasa,hot,12,30,"""MOQ"" Kenya","""MOQ"" Mombasa","Retail ""MOQ"" Kenya",Retail buyer intent Kenya,Retail procurement need Kenya,Retail operations pain Kenya,product promotion | B2C shopping post,Supply Chain Lead | Purchasing Officer | Store Operations Manager,stable supply pipeline + reorder automation
bulk_supply_procurement,Bulk Supply and Replenishment,LinkedIn,Retail,Kisumu,hot,12,30,"""bulk order"" Kenya","""bulk order"" Kisumu","Retail ""bulk order"" Kenya",Retail buyer intent Kenya,Retail procurement need Kenya,Retail operations pain Kenya,product promotion | B2C shopping post,Supply Chain Lead | Purchasing Officer | Store Operations Manager,stable supply pipeline + reorder automation
bulk_supply_procurement,Bulk Supply and Replenishment,LinkedIn,Retail,Kisumu,hot,12,30,"""need supplier urgently"" Kenya","""need supplier urgently"" Kisumu","Retail ""need supplier urgently"" Kenya",Retail buyer intent Kenya,Retail procurement need Kenya,Retail operations pain Kenya,product promotion | B2C shopping post,Supply Chain Lead | Purchasing Officer | Store Operations Manager,stable supply pipeline + reorder automation
payments_financing,"Payments, Financing, and Credit Need",LinkedIn,SME,Nairobi,hot,10,25,"""need payment solution"" Kenya","""need payment solution"" Nairobi","SME ""need payment solution"" Kenya",SME buyer intent Kenya,SME procurement need Kenya,SME operations pain Kenya,consumer loan ad | general finance news,Finance Manager | Founder | Head of Operations,faster checkout-to-cash conversion and reduced payment friction
payments_financing,"Payments, Financing, and Credit Need",LinkedIn,SME,Nairobi,hot,10,25,"""POS for business"" Kenya","""POS for business"" Nairobi","SME ""POS for business"" Kenya",SME buyer intent Kenya,SME procurement need Kenya,SME operations pain Kenya,consumer loan ad | general finance news,Finance Manager | Founder | Head of Operations,faster checkout-to-cash conversion and reduced payment friction
payments_financing,"Payments, Financing, and Credit Need",LinkedIn,SME,Nairobi,hot,10,25,"""working capital"" Kenya","""working capital"" Nairobi","SME ""working capital"" Kenya",SME buyer intent Kenya,SME procurement need Kenya,SME operations pain Kenya,consumer loan ad | general finance news,Finance Manager | Founder | Head of Operations,faster checkout-to-cash conversion and reduced payment friction
payments_financing,"Payments, Financing, and Credit Need",LinkedIn,SME,Nairobi,hot,10,25,"""invoice financing"" Kenya","""invoice financing"" Nairobi","SME ""invoice financing"" Kenya",SME buyer intent Kenya,SME procurement need Kenya,SME operations pain Kenya,consumer loan ad | general finance news,Finance Manager | Founder | Head of Operations,faster checkout-to-cash conversion and reduced payment friction
payments_financing,"Payments, Financing, and Credit Need",LinkedIn,SME,Nairobi,hot,10,25,"""compare payment gateways"" Kenya","""compare payment gateways"" Nairobi","SME ""compare payment gateways"" Kenya",SME buyer intent Kenya,SME procurement need Kenya,SME operations pain Kenya,consumer loan ad | general finance news,Finance Manager | Founder | Head of Operations,faster checkout-to-cash conversion and reduced payment friction
payments_financing,"Payments, Financing, and Credit Need",LinkedIn,SME,Nairobi,hot,10,25,"""settlement time"" Kenya","""settlement time"" Nairobi","SME ""settlement time"" Kenya",SME buyer intent Kenya,SME procurement need Kenya,SME operations pain Kenya,consumer loan ad | general finance news,Finance Manager | Founder | Head of Operations,faster checkout-to-cash conversion and reduced payment friction
payments_financing,"Payments, Financing, and Credit Need",LinkedIn,SME,Mombasa,hot,10,25,"""need payment solution"" Kenya","""need payment solution"" Mombasa","SME ""need payment solution"" Kenya",SME buyer intent Kenya,SME procurement need Kenya,SME operations pain Kenya,consumer loan ad | general finance news,Finance Manager | Founder | Head of Operations,faster checkout-to-cash conversion and reduced payment friction
payments_financing,"Payments, Financing, and Credit Need",LinkedIn,SME,Mombasa,hot,10,25,"""POS for business"" Kenya","""POS for business"" Mombasa","SME ""POS for business"" Kenya",SME buyer intent Kenya,SME procurement need Kenya,SME operations pain Kenya,consumer loan ad | general finance news,Finance Manager | Founder | Head of Operations,faster checkout-to-cash conversion and reduced payment friction
payments_financing,"Payments, Financing, and Credit Need",LinkedIn,SME,Mombasa,hot,10,25,"""working capital"" Kenya","""working capital"" Mombasa","SME ""working capital"" Kenya",SME buyer intent Kenya,SME procurement need Kenya,SME operations pain Kenya,consumer loan ad | general finance news,Finance Manager | Founder | Head of Operations,faster checkout-to-cash conversion and reduced payment friction
payments_financing,"Payments, Financing, and Credit Need",LinkedIn,SME,Mombasa,hot,10,25,"""invoice financing"" Kenya","""invoice financing"" Mombasa","SME ""invoice financing"" Kenya",SME buyer intent Kenya,SME procurement need Kenya,SME operations pain Kenya,consumer loan ad | general finance news,Finance Manager | Founder | Head of Operations,faster checkout-to-cash conversion and reduced payment friction
payments_financing,"Payments, Financing, and Credit Need",LinkedIn,SME,Mombasa,hot,10,25,"""compare payment gateways"" Kenya","""compare payment gateways"" Mombasa","SME ""compare payment gateways"" Kenya",SME buyer intent Kenya,SME procurement need Kenya,SME operations pain Kenya,consumer loan ad | general finance news,Finance Manager | Founder | Head of Operations,faster checkout-to-cash conversion and reduced payment friction
payments_financing,"Payments, Financing, and Credit Need",LinkedIn,SME,Mombasa,hot,10,25,"""settlement time"" Kenya","""settlement time"" Mombasa","SME ""settlement time"" Kenya",SME buyer intent Kenya,SME procurement need Kenya,SME operations pain Kenya,consumer loan ad | general finance news,Finance Manager | Founder | Head of Operations,faster checkout-to-cash conversion and reduced payment friction
payments_financing,"Payments, Financing, and Credit Need",LinkedIn,SME,Kisumu,hot,10,25,"""need payment solution"" Kenya","""need payment solution"" Kisumu","SME ""need payment solution"" Kenya",SME buyer intent Kenya,SME procurement need Kenya,SME operations pain Kenya,consumer loan ad | general finance news,Finance Manager | Founder | Head of Operations,faster checkout-to-cash conversion and reduced payment friction
payments_financing,"Payments, Financing, and Credit Need",LinkedIn,SME,Kisumu,hot,10,25,"""POS for business"" Kenya","""POS for business"" Kisumu","SME ""POS for business"" Kenya",SME buyer intent Kenya,SME procurement need Kenya,SME operations pain Kenya,consumer loan ad | general finance news,Finance Manager | Founder | Head of Operations,faster checkout-to-cash conversion and reduced payment friction
logistics_distribution,"Logistics, Delivery, and Distribution",LinkedIn,E-commerce,Nairobi,hot,10,30,"""need delivery partner"" Kenya","""need delivery partner"" Nairobi","E-commerce ""need delivery partner"" Kenya",E-commerce buyer intent Kenya,E-commerce procurement need Kenya,E-commerce operations pain Kenya,courier ad | logistics news,Logistics Manager | Operations Lead | Commercial Manager,reliable distribution routing + SLA visibility
logistics_distribution,"Logistics, Delivery, and Distribution",LinkedIn,E-commerce,Nairobi,hot,10,30,"""last mile"" Kenya","""last mile"" Nairobi","E-commerce ""last mile"" Kenya",E-commerce buyer intent Kenya,E-commerce procurement need Kenya,E-commerce operations pain Kenya,courier ad | logistics news,Logistics Manager | Operations Lead | Commercial Manager,reliable distribution routing + SLA visibility
logistics_distribution,"Logistics, Delivery, and Distribution",LinkedIn,E-commerce,Nairobi,hot,10,30,"""distribution challenge"" Kenya","""distribution challenge"" Nairobi","E-commerce ""distribution challenge"" Kenya",E-commerce buyer intent Kenya,E-commerce procurement need Kenya,E-commerce operations pain Kenya,courier ad | logistics news,Logistics Manager | Operations Lead | Commercial Manager,reliable distribution routing + SLA visibility
logistics_distribution,"Logistics, Delivery, and Distribution",LinkedIn,E-commerce,Nairobi,hot,10,30,"""fulfillment partner"" Kenya","""fulfillment partner"" Nairobi","E-commerce ""fulfillment partner"" Kenya",E-commerce buyer intent Kenya,E-commerce procurement need Kenya,E-commerce operations pain Kenya,courier ad | logistics news,Logistics Manager | Operations Lead | Commercial Manager,reliable distribution routing + SLA visibility
logistics_distribution,"Logistics, Delivery, and Distribution",LinkedIn,E-commerce,Nairobi,hot,10,30,"""delivery delays"" Kenya","""delivery delays"" Nairobi","E-commerce ""delivery delays"" Kenya",E-commerce buyer intent Kenya,E-commerce procurement need Kenya,E-commerce operations pain Kenya,courier ad | logistics news,Logistics Manager | Operations Lead | Commercial Manager,reliable distribution routing + SLA visibility
logistics_distribution,"Logistics, Delivery, and Distribution",LinkedIn,E-commerce,Nairobi,hot,10,30,"""route optimization"" Kenya","""route optimization"" Nairobi","E-commerce ""route optimization"" Kenya",E-commerce buyer intent Kenya,E-commerce procurement need Kenya,E-commerce operations pain Kenya,courier ad | logistics news,Logistics Manager | Operations Lead | Commercial Manager,reliable distribution routing + SLA visibility
logistics_distribution,"Logistics, Delivery, and Distribution",LinkedIn,E-commerce,Mombasa,hot,10,30,"""need delivery partner"" Kenya","""need delivery partner"" Mombasa","E-commerce ""need delivery partner"" Kenya",E-commerce buyer intent Kenya,E-commerce procurement need Kenya,E-commerce operations pain Kenya,courier ad | logistics news,Logistics Manager | Operations Lead | Commercial Manager,reliable distribution routing + SLA visibility
logistics_distribution,"Logistics, Delivery, and Distribution",LinkedIn,E-commerce,Mombasa,hot,10,30,"""last mile"" Kenya","""last mile"" Mombasa","E-commerce ""last mile"" Kenya",E-commerce buyer intent Kenya,E-commerce procurement need Kenya,E-commerce operations pain Kenya,courier ad | logistics news,Logistics Manager | Operations Lead | Commercial Manager,reliable distribution routing + SLA visibility
logistics_distribution,"Logistics, Delivery, and Distribution",LinkedIn,E-commerce,Mombasa,hot,10,30,"""distribution challenge"" Kenya","""distribution challenge"" Mombasa","E-commerce ""distribution challenge"" Kenya",E-commerce buyer intent Kenya,E-commerce procurement need Kenya,E-commerce operations pain Kenya,courier ad | logistics news,Logistics Manager | Operations Lead | Commercial Manager,reliable distribution routing + SLA visibility
logistics_distribution,"Logistics, Delivery, and Distribution",LinkedIn,E-commerce,Mombasa,hot,10,30,"""fulfillment partner"" Kenya","""fulfillment partner"" Mombasa","E-commerce ""fulfillment partner"" Kenya",E-commerce buyer intent Kenya,E-commerce procurement need Kenya,E-commerce operations pain Kenya,courier ad | logistics news,Logistics Manager | Operations Lead | Commercial Manager,reliable distribution routing + SLA visibility
logistics_distribution,"Logistics, Delivery, and Distribution",LinkedIn,E-commerce,Mombasa,hot,10,30,"""delivery delays"" Kenya","""delivery delays"" Mombasa","E-commerce ""delivery delays"" Kenya",E-commerce buyer intent Kenya,E-commerce procurement need Kenya,E-commerce operations pain Kenya,courier ad | logistics news,Logistics Manager | Operations Lead | Commercial Manager,reliable distribution routing + SLA visibility
logistics_distribution,"Logistics, Delivery, and Distribution",LinkedIn,E-commerce,Mombasa,hot,10,30,"""route optimization"" Kenya","""route optimization"" Mombasa","E-commerce ""route optimization"" Kenya",E-commerce buyer intent Kenya,E-commerce procurement need Kenya,E-commerce operations pain Kenya,courier ad | logistics news,Logistics Manager | Operations Lead | Commercial Manager,reliable distribution routing + SLA visibility
logistics_distribution,"Logistics, Delivery, and Distribution",LinkedIn,E-commerce,Kisumu,hot,10,30,"""need delivery partner"" Kenya","""need delivery partner"" Kisumu","E-commerce ""need delivery partner"" Kenya",E-commerce buyer intent Kenya,E-commerce procurement need Kenya,E-commerce operations pain Kenya,courier ad | logistics news,Logistics Manager | Operations Lead | Commercial Manager,reliable distribution routing + SLA visibility
logistics_distribution,"Logistics, Delivery, and Distribution",LinkedIn,E-commerce,Kisumu,hot,10,30,"""last mile"" Kenya","""last mile"" Kisumu","E-commerce ""last mile"" Kenya",E-commerce buyer intent Kenya,E-commerce procurement need Kenya,E-commerce operations pain Kenya,courier ad | logistics news,Logistics Manager | Operations Lead | Commercial Manager,reliable distribution routing + SLA visibility
hiring_workforce,"Hiring, Workforce, and Staffing",LinkedIn,BPO,Nairobi,warm,10,20,"""urgent hiring"" Kenya","""urgent hiring"" Nairobi","BPO ""urgent hiring"" Kenya",BPO buyer intent Kenya,BPO procurement need Kenya,BPO operations pain Kenya,job seeker post | HR tips,HR Manager | People Ops Lead | Founder,faster role-to-hire workflow and better staffing predictability
hiring_workforce,"Hiring, Workforce, and Staffing",LinkedIn,BPO,Nairobi,warm,10,20,"""need staff"" Kenya","""need staff"" Nairobi","BPO ""need staff"" Kenya",BPO buyer intent Kenya,BPO procurement need Kenya,BPO operations pain Kenya,job seeker post | HR tips,HR Manager | People Ops Lead | Founder,faster role-to-hire workflow and better staffing predictability
hiring_workforce,"Hiring, Workforce, and Staffing",LinkedIn,BPO,Nairobi,warm,10,20,"""recruitment partner"" Kenya","""recruitment partner"" Nairobi","BPO ""recruitment partner"" Kenya",BPO buyer intent Kenya,BPO procurement need Kenya,BPO operations pain Kenya,job seeker post | HR tips,HR Manager | People Ops Lead | Founder,faster role-to-hire workflow and better staffing predictability
hiring_workforce,"Hiring, Workforce, and Staffing",LinkedIn,BPO,Nairobi,warm,10,20,"""sales hires"" Kenya","""sales hires"" Nairobi","BPO ""sales hires"" Kenya",BPO buyer intent Kenya,BPO procurement need Kenya,BPO operations pain Kenya,job seeker post | HR tips,HR Manager | People Ops Lead | Founder,faster role-to-hire workflow and better staffing predictability
hiring_workforce,"Hiring, Workforce, and Staffing",LinkedIn,BPO,Nairobi,warm,10,20,"""high attrition"" Kenya","""high attrition"" Nairobi","BPO ""high attrition"" Kenya",BPO buyer intent Kenya,BPO procurement need Kenya,BPO operations pain Kenya,job seeker post | HR tips,HR Manager | People Ops Lead | Founder,faster role-to-hire workflow and better staffing predictability
hiring_workforce,"Hiring, Workforce, and Staffing",LinkedIn,BPO,Nairobi,warm,10,20,"""training gaps"" Kenya","""training gaps"" Nairobi","BPO ""training gaps"" Kenya",BPO buyer intent Kenya,BPO procurement need Kenya,BPO operations pain Kenya,job seeker post | HR tips,HR Manager | People Ops Lead | Founder,faster role-to-hire workflow and better staffing predictability
hiring_workforce,"Hiring, Workforce, and Staffing",LinkedIn,BPO,Mombasa,warm,10,20,"""urgent hiring"" Kenya","""urgent hiring"" Mombasa","BPO ""urgent hiring"" Kenya",BPO buyer intent Kenya,BPO procurement need Kenya,BPO operations pain Kenya,job seeker post | HR tips,HR Manager | People Ops Lead | Founder,faster role-to-hire workflow and better staffing predictability
hiring_workforce,"Hiring, Workforce, and Staffing",LinkedIn,BPO,Mombasa,warm,10,20,"""need staff"" Kenya","""need staff"" Mombasa","BPO ""need staff"" Kenya",BPO buyer intent Kenya,BPO procurement need Kenya,BPO operations pain Kenya,job seeker post | HR tips,HR Manager | People Ops Lead | Founder,faster role-to-hire workflow and better staffing predictability
hiring_workforce,"Hiring, Workforce, and Staffing",LinkedIn,BPO,Mombasa,warm,10,20,"""recruitment partner"" Kenya","""recruitment partner"" Mombasa","BPO ""recruitment partner"" Kenya",BPO buyer intent Kenya,BPO procurement need Kenya,BPO operations pain Kenya,job seeker post | HR tips,HR Manager | People Ops Lead | Founder,faster role-to-hire workflow and better staffing predictability
hiring_workforce,"Hiring, Workforce, and Staffing",LinkedIn,BPO,Mombasa,warm,10,20,"""sales hires"" Kenya","""sales hires"" Mombasa","BPO ""sales hires"" Kenya",BPO buyer intent Kenya,BPO procurement need Kenya,BPO operations pain Kenya,job seeker post | HR tips,HR Manager | People Ops Lead | Founder,faster role-to-hire workflow and better staffing predictability
hiring_workforce,"Hiring, Workforce, and Staffing",LinkedIn,BPO,Mombasa,warm,10,20,"""high attrition"" Kenya","""high attrition"" Mombasa","BPO ""high attrition"" Kenya",BPO buyer intent Kenya,BPO procurement need Kenya,BPO operations pain Kenya,job seeker post | HR tips,HR Manager | People Ops Lead | Founder,faster role-to-hire workflow and better staffing predictability
hiring_workforce,"Hiring, Workforce, and Staffing",LinkedIn,BPO,Mombasa,warm,10,20,"""training gaps"" Kenya","""training gaps"" Mombasa","BPO ""training gaps"" Kenya",BPO buyer intent Kenya,BPO procurement need Kenya,BPO operations pain Kenya,job seeker post | HR tips,HR Manager | People Ops Lead | Founder,faster role-to-hire workflow and better staffing predictability
hiring_workforce,"Hiring, Workforce, and Staffing",LinkedIn,BPO,Kisumu,warm,10,20,"""urgent hiring"" Kenya","""urgent hiring"" Kisumu","BPO ""urgent hiring"" Kenya",BPO buyer intent Kenya,BPO procurement need Kenya,BPO operations pain Kenya,job seeker post | HR tips,HR Manager | People Ops Lead | Founder,faster role-to-hire workflow and better staffing predictability
hiring_workforce,"Hiring, Workforce, and Staffing",LinkedIn,BPO,Kisumu,warm,10,20,"""need staff"" Kenya","""need staff"" Kisumu","BPO ""need staff"" Kenya",BPO buyer intent Kenya,BPO procurement need Kenya,BPO operations pain Kenya,job seeker post | HR tips,HR Manager | People Ops Lead | Founder,faster role-to-hire workflow and better staffing predictability
sales_pipeline_growth,Sales Pipeline and Lead Generation,LinkedIn,SaaS,Nairobi,hot,15,30,"""need more leads"" Kenya","""need more leads"" Nairobi","SaaS ""need more leads"" Kenya",SaaS buyer intent Kenya,SaaS procurement need Kenya,SaaS operations pain Kenya,growth hack thread | marketing tutorial,Head of Sales | Growth Lead | Founder,lead qualification + conversion orchestration for same-day revenue
sales_pipeline_growth,Sales Pipeline and Lead Generation,LinkedIn,SaaS,Nairobi,hot,15,30,"""low conversion"" Kenya","""low conversion"" Nairobi","SaaS ""low conversion"" Kenya",SaaS buyer intent Kenya,SaaS procurement need Kenya,SaaS operations pain Kenya,growth hack thread | marketing tutorial,Head of Sales | Growth Lead | Founder,lead qualification + conversion orchestration for same-day revenue
sales_pipeline_growth,Sales Pipeline and Lead Generation,LinkedIn,SaaS,Nairobi,hot,15,30,"""sales pipeline dry"" Kenya","""sales pipeline dry"" Nairobi","SaaS ""sales pipeline dry"" Kenya",SaaS buyer intent Kenya,SaaS procurement need Kenya,SaaS operations pain Kenya,growth hack thread | marketing tutorial,Head of Sales | Growth Lead | Founder,lead qualification + conversion orchestration for same-day revenue
sales_pipeline_growth,Sales Pipeline and Lead Generation,LinkedIn,SaaS,Nairobi,hot,15,30,"""book more demos"" Kenya","""book more demos"" Nairobi","SaaS ""book more demos"" Kenya",SaaS buyer intent Kenya,SaaS procurement need Kenya,SaaS operations pain Kenya,growth hack thread | marketing tutorial,Head of Sales | Growth Lead | Founder,lead qualification + conversion orchestration for same-day revenue
sales_pipeline_growth,Sales Pipeline and Lead Generation,LinkedIn,SaaS,Nairobi,hot,15,30,"""improve response rate"" Kenya","""improve response rate"" Nairobi","SaaS ""improve response rate"" Kenya",SaaS buyer intent Kenya,SaaS procurement need Kenya,SaaS operations pain Kenya,growth hack thread | marketing tutorial,Head of Sales | Growth Lead | Founder,lead qualification + conversion orchestration for same-day revenue
sales_pipeline_growth,Sales Pipeline and Lead Generation,LinkedIn,SaaS,Nairobi,hot,15,30,"""follow-up process"" Kenya","""follow-up process"" Nairobi","SaaS ""follow-up process"" Kenya",SaaS buyer intent Kenya,SaaS procurement need Kenya,SaaS operations pain Kenya,growth hack thread | marketing tutorial,Head of Sales | Growth Lead | Founder,lead qualification + conversion orchestration for same-day revenue
sales_pipeline_growth,Sales Pipeline and Lead Generation,LinkedIn,SaaS,Mombasa,hot,15,30,"""need more leads"" Kenya","""need more leads"" Mombasa","SaaS ""need more leads"" Kenya",SaaS buyer intent Kenya,SaaS procurement need Kenya,SaaS operations pain Kenya,growth hack thread | marketing tutorial,Head of Sales | Growth Lead | Founder,lead qualification + conversion orchestration for same-day revenue
sales_pipeline_growth,Sales Pipeline and Lead Generation,LinkedIn,SaaS,Mombasa,hot,15,30,"""low conversion"" Kenya","""low conversion"" Mombasa","SaaS ""low conversion"" Kenya",SaaS buyer intent Kenya,SaaS procurement need Kenya,SaaS operations pain Kenya,growth hack thread | marketing tutorial,Head of Sales | Growth Lead | Founder,lead qualification + conversion orchestration for same-day revenue
sales_pipeline_growth,Sales Pipeline and Lead Generation,LinkedIn,SaaS,Mombasa,hot,15,30,"""sales pipeline dry"" Kenya","""sales pipeline dry"" Mombasa","SaaS ""sales pipeline dry"" Kenya",SaaS buyer intent Kenya,SaaS procurement need Kenya,SaaS operations pain Kenya,growth hack thread | marketing tutorial,Head of Sales | Growth Lead | Founder,lead qualification + conversion orchestration for same-day revenue
sales_pipeline_growth,Sales Pipeline and Lead Generation,LinkedIn,SaaS,Mombasa,hot,15,30,"""book more demos"" Kenya","""book more demos"" Mombasa","SaaS ""book more demos"" Kenya",SaaS buyer intent Kenya,SaaS procurement need Kenya,SaaS operations pain Kenya,growth hack thread | marketing tutorial,Head of Sales | Growth Lead | Founder,lead qualification + conversion orchestration for same-day revenue
sales_pipeline_growth,Sales Pipeline and Lead Generation,LinkedIn,SaaS,Mombasa,hot,15,30,"""improve response rate"" Kenya","""improve response rate"" Mombasa","SaaS ""improve response rate"" Kenya",SaaS buyer intent Kenya,SaaS procurement need Kenya,SaaS operations pain Kenya,growth hack thread | marketing tutorial,Head of Sales | Growth Lead | Founder,lead qualification + conversion orchestration for same-day revenue
sales_pipeline_growth,Sales Pipeline and Lead Generation,LinkedIn,SaaS,Mombasa,hot,15,30,"""follow-up process"" Kenya","""follow-up process"" Mombasa","SaaS ""follow-up process"" Kenya",SaaS buyer intent Kenya,SaaS procurement need Kenya,SaaS operations pain Kenya,growth hack thread | marketing tutorial,Head of Sales | Growth Lead | Founder,lead qualification + conversion orchestration for same-day revenue
sales_pipeline_growth,Sales Pipeline and Lead Generation,LinkedIn,SaaS,Kisumu,hot,15,30,"""need more leads"" Kenya","""need more leads"" Kisumu","SaaS ""need more leads"" Kenya",SaaS buyer intent Kenya,SaaS procurement need Kenya,SaaS operations pain Kenya,growth hack thread | marketing tutorial,Head of Sales | Growth Lead | Founder,lead qualification + conversion orchestration for same-day revenue
sales_pipeline_growth,Sales Pipeline and Lead Generation,LinkedIn,SaaS,Kisumu,hot,15,30,"""low conversion"" Kenya","""low conversion"" Kisumu","SaaS ""low conversion"" Kenya",SaaS buyer intent Kenya,SaaS procurement need Kenya,SaaS operations pain Kenya,growth hack thread | marketing tutorial,Head of Sales | Growth Lead | Founder,lead qualification + conversion orchestration for same-day revenue
customer_support_automation,Customer Support and WhatsApp Automation,LinkedIn,Retail,Nairobi,hot,12,25,"""too many inquiries"" Kenya","""too many inquiries"" Nairobi","Retail ""too many inquiries"" Kenya",Retail buyer intent Kenya,Retail procurement need Kenya,Retail operations pain Kenya,customer rant without business owner context,Customer Experience Lead | Operations Manager | Founder,automated first response + lead routing + follow-up discipline
customer_support_automation,Customer Support and WhatsApp Automation,LinkedIn,Retail,Nairobi,hot,12,25,"""slow response"" Kenya","""slow response"" Nairobi","Retail ""slow response"" Kenya",Retail buyer intent Kenya,Retail procurement need Kenya,Retail operations pain Kenya,customer rant without business owner context,Customer Experience Lead | Operations Manager | Founder,automated first response + lead routing + follow-up discipline
customer_support_automation,Customer Support and WhatsApp Automation,LinkedIn,Retail,Nairobi,hot,12,25,"""WhatsApp support"" Kenya","""WhatsApp support"" Nairobi","Retail ""WhatsApp support"" Kenya",Retail buyer intent Kenya,Retail procurement need Kenya,Retail operations pain Kenya,customer rant without business owner context,Customer Experience Lead | Operations Manager | Founder,automated first response + lead routing + follow-up discipline
customer_support_automation,Customer Support and WhatsApp Automation,LinkedIn,Retail,Nairobi,hot,12,25,"""support backlog"" Kenya","""support backlog"" Nairobi","Retail ""support backlog"" Kenya",Retail buyer intent Kenya,Retail procurement need Kenya,Retail operations pain Kenya,customer rant without business owner context,Customer Experience Lead | Operations Manager | Founder,automated first response + lead routing + follow-up discipline
customer_support_automation,Customer Support and WhatsApp Automation,LinkedIn,Retail,Nairobi,hot,12,25,"""customer complaints"" Kenya","""customer complaints"" Nairobi","Retail ""customer complaints"" Kenya",Retail buyer intent Kenya,Retail procurement need Kenya,Retail operations pain Kenya,customer rant without business owner context,Customer Experience Lead | Operations Manager | Founder,automated first response + lead routing + follow-up discipline
customer_support_automation,Customer Support and WhatsApp Automation,LinkedIn,Retail,Nairobi,hot,12,25,"""response time"" Kenya","""response time"" Nairobi","Retail ""response time"" Kenya",Retail buyer intent Kenya,Retail procurement need Kenya,Retail operations pain Kenya,customer rant without business owner context,Customer Experience Lead | Operations Manager | Founder,automated first response + lead routing + follow-up discipline
customer_support_automation,Customer Support and WhatsApp Automation,LinkedIn,Retail,Mombasa,hot,12,25,"""too many inquiries"" Kenya","""too many inquiries"" Mombasa","Retail ""too many inquiries"" Kenya",Retail buyer intent Kenya,Retail procurement need Kenya,Retail operations pain Kenya,customer rant without business owner context,Customer Experience Lead | Operations Manager | Founder,automated first response + lead routing + follow-up discipline
customer_support_automation,Customer Support and WhatsApp Automation,LinkedIn,Retail,Mombasa,hot,12,25,"""slow response"" Kenya","""slow response"" Mombasa","Retail ""slow response"" Kenya",Retail buyer intent Kenya,Retail procurement need Kenya,Retail operations pain Kenya,customer rant without business owner context,Customer Experience Lead | Operations Manager | Founder,automated first response + lead routing + follow-up discipline
customer_support_automation,Customer Support and WhatsApp Automation,LinkedIn,Retail,Mombasa,hot,12,25,"""WhatsApp support"" Kenya","""WhatsApp support"" Mombasa","Retail ""WhatsApp support"" Kenya",Retail buyer intent Kenya,Retail procurement need Kenya,Retail operations pain Kenya,customer rant without business owner context,Customer Experience Lead | Operations Manager | Founder,automated first response + lead routing + follow-up discipline
customer_support_automation,Customer Support and WhatsApp Automation,LinkedIn,Retail,Mombasa,hot,12,25,"""support backlog"" Kenya","""support backlog"" Mombasa","Retail ""support backlog"" Kenya",Retail buyer intent Kenya,Retail procurement need Kenya,Retail operations pain Kenya,customer rant without business owner context,Customer Experience Lead | Operations Manager | Founder,automated first response + lead routing + follow-up discipline
customer_support_automation,Customer Support and WhatsApp Automation,LinkedIn,Retail,Mombasa,hot,12,25,"""customer complaints"" Kenya","""customer complaints"" Mombasa","Retail ""customer complaints"" Kenya",Retail buyer intent Kenya,Retail procurement need Kenya,Retail operations pain Kenya,customer rant without business owner context,Customer Experience Lead | Operations Manager | Founder,automated first response + lead routing + follow-up discipline
customer_support_automation,Customer Support and WhatsApp Automation,LinkedIn,Retail,Mombasa,hot,12,25,"""response time"" Kenya","""response time"" Mombasa","Retail ""response time"" Kenya",Retail buyer intent Kenya,Retail procurement need Kenya,Retail operations pain Kenya,customer rant without business owner context,Customer Experience Lead | Operations Manager | Founder,automated first response + lead routing + follow-up discipline
customer_support_automation,Customer Support and WhatsApp Automation,LinkedIn,Retail,Kisumu,hot,12,25,"""too many inquiries"" Kenya","""too many inquiries"" Kisumu","Retail ""too many inquiries"" Kenya",Retail buyer intent Kenya,Retail procurement need Kenya,Retail operations pain Kenya,customer rant without business owner context,Customer Experience Lead | Operations Manager | Founder,automated first response + lead routing + follow-up discipline
customer_support_automation,Customer Support and WhatsApp Automation,LinkedIn,Retail,Kisumu,hot,12,25,"""slow response"" Kenya","""slow response"" Kisumu","Retail ""slow response"" Kenya",Retail buyer intent Kenya,Retail procurement need Kenya,Retail operations pain Kenya,customer rant without business owner context,Customer Experience Lead | Operations Manager | Founder,automated first response + lead routing + follow-up discipline
ecommerce_catalog_conversion,E-commerce Catalog and Conversion,LinkedIn,D2C,Nairobi,warm,10,25,"""low cart conversion"" Kenya","""low cart conversion"" Nairobi","D2C ""low cart conversion"" Kenya",D2C buyer intent Kenya,D2C procurement need Kenya,D2C operations pain Kenya,shopper recommendation post,E-commerce Manager | Digital Lead | Founder,catalog optimization + inquiry-to-order conversion
ecommerce_catalog_conversion,E-commerce Catalog and Conversion,LinkedIn,D2C,Nairobi,warm,10,25,"""catalog not converting"" Kenya","""catalog not converting"" Nairobi","D2C ""catalog not converting"" Kenya",D2C buyer intent Kenya,D2C procurement need Kenya,D2C operations pain Kenya,shopper recommendation post,E-commerce Manager | Digital Lead | Founder,catalog optimization + inquiry-to-order conversion
ecommerce_catalog_conversion,E-commerce Catalog and Conversion,LinkedIn,D2C,Nairobi,warm,10,25,"""need online sales"" Kenya","""need online sales"" Nairobi","D2C ""need online sales"" Kenya",D2C buyer intent Kenya,D2C procurement need Kenya,D2C operations pain Kenya,shopper recommendation post,E-commerce Manager | Digital Lead | Founder,catalog optimization + inquiry-to-order conversion
ecommerce_catalog_conversion,E-commerce Catalog and Conversion,LinkedIn,D2C,Nairobi,warm,10,25,"""product inquiries"" Kenya","""product inquiries"" Nairobi","D2C ""product inquiries"" Kenya",D2C buyer intent Kenya,D2C procurement need Kenya,D2C operations pain Kenya,shopper recommendation post,E-commerce Manager | Digital Lead | Founder,catalog optimization + inquiry-to-order conversion
ecommerce_catalog_conversion,E-commerce Catalog and Conversion,LinkedIn,D2C,Nairobi,warm,10,25,"""checkout dropoff"" Kenya","""checkout dropoff"" Nairobi","D2C ""checkout dropoff"" Kenya",D2C buyer intent Kenya,D2C procurement need Kenya,D2C operations pain Kenya,shopper recommendation post,E-commerce Manager | Digital Lead | Founder,catalog optimization + inquiry-to-order conversion
ecommerce_catalog_conversion,E-commerce Catalog and Conversion,LinkedIn,D2C,Nairobi,warm,10,25,"""catalog cleanup"" Kenya","""catalog cleanup"" Nairobi","D2C ""catalog cleanup"" Kenya",D2C buyer intent Kenya,D2C procurement need Kenya,D2C operations pain Kenya,shopper recommendation post,E-commerce Manager | Digital Lead | Founder,catalog optimization + inquiry-to-order conversion
ecommerce_catalog_conversion,E-commerce Catalog and Conversion,LinkedIn,D2C,Mombasa,warm,10,25,"""low cart conversion"" Kenya","""low cart conversion"" Mombasa","D2C ""low cart conversion"" Kenya",D2C buyer intent Kenya,D2C procurement need Kenya,D2C operations pain Kenya,shopper recommendation post,E-commerce Manager | Digital Lead | Founder,catalog optimization + inquiry-to-order conversion
ecommerce_catalog_conversion,E-commerce Catalog and Conversion,LinkedIn,D2C,Mombasa,warm,10,25,"""catalog not converting"" Kenya","""catalog not converting"" Mombasa","D2C ""catalog not converting"" Kenya",D2C buyer intent Kenya,D2C procurement need Kenya,D2C operations pain Kenya,shopper recommendation post,E-commerce Manager | Digital Lead | Founder,catalog optimization + inquiry-to-order conversion
ecommerce_catalog_conversion,E-commerce Catalog and Conversion,LinkedIn,D2C,Mombasa,warm,10,25,"""need online sales"" Kenya","""need online sales"" Mombasa","D2C ""need online sales"" Kenya",D2C buyer intent Kenya,D2C procurement need Kenya,D2C operations pain Kenya,shopper recommendation post,E-commerce Manager | Digital Lead | Founder,catalog optimization + inquiry-to-order conversion
ecommerce_catalog_conversion,E-commerce Catalog and Conversion,LinkedIn,D2C,Mombasa,warm,10,25,"""product inquiries"" Kenya","""product inquiries"" Mombasa","D2C ""product inquiries"" Kenya",D2C buyer intent Kenya,D2C procurement need Kenya,D2C operations pain Kenya,shopper recommendation post,E-commerce Manager | Digital Lead | Founder,catalog optimization + inquiry-to-order conversion
ecommerce_catalog_conversion,E-commerce Catalog and Conversion,LinkedIn,D2C,Mombasa,warm,10,25,"""checkout dropoff"" Kenya","""checkout dropoff"" Mombasa","D2C ""checkout dropoff"" Kenya",D2C buyer intent Kenya,D2C procurement need Kenya,D2C operations pain Kenya,shopper recommendation post,E-commerce Manager | Digital Lead | Founder,catalog optimization + inquiry-to-order conversion
ecommerce_catalog_conversion,E-commerce Catalog and Conversion,LinkedIn,D2C,Mombasa,warm,10,25,"""catalog cleanup"" Kenya","""catalog cleanup"" Mombasa","D2C ""catalog cleanup"" Kenya",D2C buyer intent Kenya,D2C procurement need Kenya,D2C operations pain Kenya,shopper recommendation post,E-commerce Manager | Digital Lead | Founder,catalog optimization + inquiry-to-order conversion
ecommerce_catalog_conversion,E-commerce Catalog and Conversion,LinkedIn,D2C,Kisumu,warm,10,25,"""low cart conversion"" Kenya","""low cart conversion"" Kisumu","D2C ""low cart conversion"" Kenya",D2C buyer intent Kenya,D2C procurement need Kenya,D2C operations pain Kenya,shopper recommendation post,E-commerce Manager | Digital Lead | Founder,catalog optimization + inquiry-to-order conversion
ecommerce_catalog_conversion,E-commerce Catalog and Conversion,LinkedIn,D2C,Kisumu,warm,10,25,"""catalog not converting"" Kenya","""catalog not converting"" Kisumu","D2C ""catalog not converting"" Kenya",D2C buyer intent Kenya,D2C procurement need Kenya,D2C operations pain Kenya,shopper recommendation post,E-commerce Manager | Digital Lead | Founder,catalog optimization + inquiry-to-order conversion
real_estate_space,"Real Estate, Office, and Commercial Space",LinkedIn,Real Estate,Nairobi,warm,10,20,"""looking for office space"" Kenya","""looking for office space"" Nairobi","Real Estate ""looking for office space"" Kenya",Real Estate buyer intent Kenya,Real Estate procurement need Kenya,Real Estate operations pain Kenya,broker ad | property listing spam,Admin Lead | Founder | Operations Manager,requirements capture + fast shortlist + negotiation route
real_estate_space,"Real Estate, Office, and Commercial Space",LinkedIn,Real Estate,Nairobi,warm,10,20,"""shop space needed"" Kenya","""shop space needed"" Nairobi","Real Estate ""shop space needed"" Kenya",Real Estate buyer intent Kenya,Real Estate procurement need Kenya,Real Estate operations pain Kenya,broker ad | property listing spam,Admin Lead | Founder | Operations Manager,requirements capture + fast shortlist + negotiation route
real_estate_space,"Real Estate, Office, and Commercial Space",LinkedIn,Real Estate,Nairobi,warm,10,20,"""commercial property"" Kenya","""commercial property"" Nairobi","Real Estate ""commercial property"" Kenya",Real Estate buyer intent Kenya,Real Estate procurement need Kenya,Real Estate operations pain Kenya,broker ad | property listing spam,Admin Lead | Founder | Operations Manager,requirements capture + fast shortlist + negotiation route
real_estate_space,"Real Estate, Office, and Commercial Space",LinkedIn,Real Estate,Nairobi,warm,10,20,"""warehouse space"" Kenya","""warehouse space"" Nairobi","Real Estate ""warehouse space"" Kenya",Real Estate buyer intent Kenya,Real Estate procurement need Kenya,Real Estate operations pain Kenya,broker ad | property listing spam,Admin Lead | Founder | Operations Manager,requirements capture + fast shortlist + negotiation route
real_estate_space,"Real Estate, Office, and Commercial Space",LinkedIn,Real Estate,Nairobi,warm,10,20,"""lease terms"" Kenya","""lease terms"" Nairobi","Real Estate ""lease terms"" Kenya",Real Estate buyer intent Kenya,Real Estate procurement need Kenya,Real Estate operations pain Kenya,broker ad | property listing spam,Admin Lead | Founder | Operations Manager,requirements capture + fast shortlist + negotiation route
real_estate_space,"Real Estate, Office, and Commercial Space",LinkedIn,Real Estate,Nairobi,warm,10,20,"""location shortlist"" Kenya","""location shortlist"" Nairobi","Real Estate ""location shortlist"" Kenya",Real Estate buyer intent Kenya,Real Estate procurement need Kenya,Real Estate operations pain Kenya,broker ad | property listing spam,Admin Lead | Founder | Operations Manager,requirements capture + fast shortlist + negotiation route
real_estate_space,"Real Estate, Office, and Commercial Space",LinkedIn,Real Estate,Mombasa,warm,10,20,"""looking for office space"" Kenya","""looking for office space"" Mombasa","Real Estate ""looking for office space"" Kenya",Real Estate buyer intent Kenya,Real Estate procurement need Kenya,Real Estate operations pain Kenya,broker ad | property listing spam,Admin Lead | Founder | Operations Manager,requirements capture + fast shortlist + negotiation route
real_estate_space,"Real Estate, Office, and Commercial Space",LinkedIn,Real Estate,Mombasa,warm,10,20,"""shop space needed"" Kenya","""shop space needed"" Mombasa","Real Estate ""shop space needed"" Kenya",Real Estate buyer intent Kenya,Real Estate procurement need Kenya,Real Estate operations pain Kenya,broker ad | property listing spam,Admin Lead | Founder | Operations Manager,requirements capture + fast shortlist + negotiation route
real_estate_space,"Real Estate, Office, and Commercial Space",LinkedIn,Real Estate,Mombasa,warm,10,20,"""commercial property"" Kenya","""commercial property"" Mombasa","Real Estate ""commercial property"" Kenya",Real Estate buyer intent Kenya,Real Estate procurement need Kenya,Real Estate operations pain Kenya,broker ad | property listing spam,Admin Lead | Founder | Operations Manager,requirements capture + fast shortlist + negotiation route
real_estate_space,"Real Estate, Office, and Commercial Space",LinkedIn,Real Estate,Mombasa,warm,10,20,"""warehouse space"" Kenya","""warehouse space"" Mombasa","Real Estate ""warehouse space"" Kenya",Real Estate buyer intent Kenya,Real Estate procurement need Kenya,Real Estate operations pain Kenya,broker ad | property listing spam,Admin Lead | Founder | Operations Manager,requirements capture + fast shortlist + negotiation route
real_estate_space,"Real Estate, Office, and Commercial Space",LinkedIn,Real Estate,Mombasa,warm,10,20,"""lease terms"" Kenya","""lease terms"" Mombasa","Real Estate ""lease terms"" Kenya",Real Estate buyer intent Kenya,Real Estate procurement need Kenya,Real Estate operations pain Kenya,broker ad | property listing spam,Admin Lead | Founder | Operations Manager,requirements capture + fast shortlist + negotiation route
real_estate_space,"Real Estate, Office, and Commercial Space",LinkedIn,Real Estate,Mombasa,warm,10,20,"""location shortlist"" Kenya","""location shortlist"" Mombasa","Real Estate ""location shortlist"" Kenya",Real Estate buyer intent Kenya,Real Estate procurement need Kenya,Real Estate operations pain Kenya,broker ad | property listing spam,Admin Lead | Founder | Operations Manager,requirements capture + fast shortlist + negotiation route
real_estate_space,"Real Estate, Office, and Commercial Space",LinkedIn,Real Estate,Kisumu,warm,10,20,"""looking for office space"" Kenya","""looking for office space"" Kisumu","Real Estate ""looking for office space"" Kenya",Real Estate buyer intent Kenya,Real Estate procurement need Kenya,Real Estate operations pain Kenya,broker ad | property listing spam,Admin Lead | Founder | Operations Manager,requirements capture + fast shortlist + negotiation route
real_estate_space,"Real Estate, Office, and Commercial Space",LinkedIn,Real Estate,Kisumu,warm,10,20,"""shop space needed"" Kenya","""shop space needed"" Kisumu","Real Estate ""shop space needed"" Kenya",Real Estate buyer intent Kenya,Real Estate procurement need Kenya,Real Estate operations pain Kenya,broker ad | property listing spam,Admin Lead | Founder | Operations Manager,requirements capture + fast shortlist + negotiation route
it_systems_security,"IT Systems, ERP, and Security Upgrades",LinkedIn,Manufacturing,Nairobi,warm,10,20,"""need ERP"" Kenya","""need ERP"" Nairobi","Manufacturing ""need ERP"" Kenya",Manufacturing buyer intent Kenya,Manufacturing procurement need Kenya,Manufacturing operations pain Kenya,tech news | developer tutorial,IT Manager | COO | Compliance Lead,risk reduction + process reliability + implementation roadmap
it_systems_security,"IT Systems, ERP, and Security Upgrades",LinkedIn,Manufacturing,Nairobi,warm,10,20,"""system migration"" Kenya","""system migration"" Nairobi","Manufacturing ""system migration"" Kenya",Manufacturing buyer intent Kenya,Manufacturing procurement need Kenya,Manufacturing operations pain Kenya,tech news | developer tutorial,IT Manager | COO | Compliance Lead,risk reduction + process reliability + implementation roadmap
it_systems_security,"IT Systems, ERP, and Security Upgrades",LinkedIn,Manufacturing,Nairobi,warm,10,20,"""cybersecurity help"" Kenya","""cybersecurity help"" Nairobi","Manufacturing ""cybersecurity help"" Kenya",Manufacturing buyer intent Kenya,Manufacturing procurement need Kenya,Manufacturing operations pain Kenya,tech news | developer tutorial,IT Manager | COO | Compliance Lead,risk reduction + process reliability + implementation roadmap
it_systems_security,"IT Systems, ERP, and Security Upgrades",LinkedIn,Manufacturing,Nairobi,warm,10,20,"""data backup"" Kenya","""data backup"" Nairobi","Manufacturing ""data backup"" Kenya",Manufacturing buyer intent Kenya,Manufacturing procurement need Kenya,Manufacturing operations pain Kenya,tech news | developer tutorial,IT Manager | COO | Compliance Lead,risk reduction + process reliability + implementation roadmap
it_systems_security,"IT Systems, ERP, and Security Upgrades",LinkedIn,Manufacturing,Nairobi,warm,10,20,"""legacy systems"" Kenya","""legacy systems"" Nairobi","Manufacturing ""legacy systems"" Kenya",Manufacturing buyer intent Kenya,Manufacturing procurement need Kenya,Manufacturing operations pain Kenya,tech news | developer tutorial,IT Manager | COO | Compliance Lead,risk reduction + process reliability + implementation roadmap
it_systems_security,"IT Systems, ERP, and Security Upgrades",LinkedIn,Manufacturing,Nairobi,warm,10,20,"""manual process pain"" Kenya","""manual process pain"" Nairobi","Manufacturing ""manual process pain"" Kenya",Manufacturing buyer intent Kenya,Manufacturing procurement need Kenya,Manufacturing operations pain Kenya,tech news | developer tutorial,IT Manager | COO | Compliance Lead,risk reduction + process reliability + implementation roadmap
it_systems_security,"IT Systems, ERP, and Security Upgrades",LinkedIn,Manufacturing,Mombasa,warm,10,20,"""need ERP"" Kenya","""need ERP"" Mombasa","Manufacturing ""need ERP"" Kenya",Manufacturing buyer intent Kenya,Manufacturing procurement need Kenya,Manufacturing operations pain Kenya,tech news | developer tutorial,IT Manager | COO | Compliance Lead,risk reduction + process reliability + implementation roadmap
it_systems_security,"IT Systems, ERP, and Security Upgrades",LinkedIn,Manufacturing,Mombasa,warm,10,20,"""system migration"" Kenya","""system migration"" Mombasa","Manufacturing ""system migration"" Kenya",Manufacturing buyer intent Kenya,Manufacturing procurement need Kenya,Manufacturing operations pain Kenya,tech news | developer tutorial,IT Manager | COO | Compliance Lead,risk reduction + process reliability + implementation roadmap
it_systems_security,"IT Systems, ERP, and Security Upgrades",LinkedIn,Manufacturing,Mombasa,warm,10,20,"""cybersecurity help"" Kenya","""cybersecurity help"" Mombasa","Manufacturing ""cybersecurity help"" Kenya",Manufacturing buyer intent Kenya,Manufacturing procurement need Kenya,Manufacturing operations pain Kenya,tech news | developer tutorial,IT Manager | COO | Compliance Lead,risk reduction + process reliability + implementation roadmap
it_systems_security,"IT Systems, ERP, and Security Upgrades",LinkedIn,Manufacturing,Mombasa,warm,10,20,"""data backup"" Kenya","""data backup"" Mombasa","Manufacturing ""data backup"" Kenya",Manufacturing buyer intent Kenya,Manufacturing procurement need Kenya,Manufacturing operations pain Kenya,tech news | developer tutorial,IT Manager | COO | Compliance Lead,risk reduction + process reliability + implementation roadmap
it_systems_security,"IT Systems, ERP, and Security Upgrades",LinkedIn,Manufacturing,Mombasa,warm,10,20,"""legacy systems"" Kenya","""legacy systems"" Mombasa","Manufacturing ""legacy systems"" Kenya",Manufacturing buyer intent Kenya,Manufacturing procurement need Kenya,Manufacturing operations pain Kenya,tech news | developer tutorial,IT Manager | COO | Compliance Lead,risk reduction + process reliability + implementation roadmap
it_systems_security,"IT Systems, ERP, and Security Upgrades",LinkedIn,Manufacturing,Mombasa,warm,10,20,"""manual process pain"" Kenya","""manual process pain"" Mombasa","Manufacturing ""manual process pain"" Kenya",Manufacturing buyer intent Kenya,Manufacturing procurement need Kenya,Manufacturing operations pain Kenya,tech news | developer tutorial,IT Manager | COO | Compliance Lead,risk reduction + process reliability + implementation roadmap
it_systems_security,"IT Systems, ERP, and Security Upgrades",LinkedIn,Manufacturing,Kisumu,warm,10,20,"""need ERP"" Kenya","""need ERP"" Kisumu","Manufacturing ""need ERP"" Kenya",Manufacturing buyer intent Kenya,Manufacturing procurement need Kenya,Manufacturing operations pain Kenya,tech news | developer tutorial,IT Manager | COO | Compliance Lead,risk reduction + process reliability + implementation roadmap
it_systems_security,"IT Systems, ERP, and Security Upgrades",LinkedIn,Manufacturing,Kisumu,warm,10,20,"""system migration"" Kenya","""system migration"" Kisumu","Manufacturing ""system migration"" Kenya",Manufacturing buyer intent Kenya,Manufacturing procurement need Kenya,Manufacturing operations pain Kenya,tech news | developer tutorial,IT Manager | COO | Compliance Lead,risk reduction + process reliability + implementation roadmap
training_enablement,"Training, Enablement, and Performance Coaching",LinkedIn,Sales Teams,Nairobi,warm,10,18,"""need sales training"" Kenya","""need sales training"" Nairobi","Sales Teams ""need sales training"" Kenya",Sales Teams buyer intent Kenya,Sales Teams procurement need Kenya,Sales Teams operations pain Kenya,free webinar posts | motivation quote posts,L&D Manager | Head of Sales | Operations Head,practical upskilling tied to revenue and service outcomes
training_enablement,"Training, Enablement, and Performance Coaching",LinkedIn,Sales Teams,Nairobi,warm,10,18,"""team performance issue"" Kenya","""team performance issue"" Nairobi","Sales Teams ""team performance issue"" Kenya",Sales Teams buyer intent Kenya,Sales Teams procurement need Kenya,Sales Teams operations pain Kenya,free webinar posts | motivation quote posts,L&D Manager | Head of Sales | Operations Head,practical upskilling tied to revenue and service outcomes
training_enablement,"Training, Enablement, and Performance Coaching",LinkedIn,Sales Teams,Nairobi,warm,10,18,"""customer handling training"" Kenya","""customer handling training"" Nairobi","Sales Teams ""customer handling training"" Kenya",Sales Teams buyer intent Kenya,Sales Teams procurement need Kenya,Sales Teams operations pain Kenya,free webinar posts | motivation quote posts,L&D Manager | Head of Sales | Operations Head,practical upskilling tied to revenue and service outcomes
training_enablement,"Training, Enablement, and Performance Coaching",LinkedIn,Sales Teams,Nairobi,warm,10,18,"""manager coaching"" Kenya","""manager coaching"" Nairobi","Sales Teams ""manager coaching"" Kenya",Sales Teams buyer intent Kenya,Sales Teams procurement need Kenya,Sales Teams operations pain Kenya,free webinar posts | motivation quote posts,L&D Manager | Head of Sales | Operations Head,practical upskilling tied to revenue and service outcomes
training_enablement,"Training, Enablement, and Performance Coaching",LinkedIn,Sales Teams,Nairobi,warm,10,18,"""inconsistent team output"" Kenya","""inconsistent team output"" Nairobi","Sales Teams ""inconsistent team output"" Kenya",Sales Teams buyer intent Kenya,Sales Teams procurement need Kenya,Sales Teams operations pain Kenya,free webinar posts | motivation quote posts,L&D Manager | Head of Sales | Operations Head,practical upskilling tied to revenue and service outcomes
training_enablement,"Training, Enablement, and Performance Coaching",LinkedIn,Sales Teams,Nairobi,warm,10,18,"""onboarding quality"" Kenya","""onboarding quality"" Nairobi","Sales Teams ""onboarding quality"" Kenya",Sales Teams buyer intent Kenya,Sales Teams procurement need Kenya,Sales Teams operations pain Kenya,free webinar posts | motivation quote posts,L&D Manager | Head of Sales | Operations Head,practical upskilling tied to revenue and service outcomes
training_enablement,"Training, Enablement, and Performance Coaching",LinkedIn,Sales Teams,Mombasa,warm,10,18,"""need sales training"" Kenya","""need sales training"" Mombasa","Sales Teams ""need sales training"" Kenya",Sales Teams buyer intent Kenya,Sales Teams procurement need Kenya,Sales Teams operations pain Kenya,free webinar posts | motivation quote posts,L&D Manager | Head of Sales | Operations Head,practical upskilling tied to revenue and service outcomes
training_enablement,"Training, Enablement, and Performance Coaching",LinkedIn,Sales Teams,Mombasa,warm,10,18,"""team performance issue"" Kenya","""team performance issue"" Mombasa","Sales Teams ""team performance issue"" Kenya",Sales Teams buyer intent Kenya,Sales Teams procurement need Kenya,Sales Teams operations pain Kenya,free webinar posts | motivation quote posts,L&D Manager | Head of Sales | Operations Head,practical upskilling tied to revenue and service outcomes
training_enablement,"Training, Enablement, and Performance Coaching",LinkedIn,Sales Teams,Mombasa,warm,10,18,"""customer handling training"" Kenya","""customer handling training"" Mombasa","Sales Teams ""customer handling training"" Kenya",Sales Teams buyer intent Kenya,Sales Teams procurement need Kenya,Sales Teams operations pain Kenya,free webinar posts | motivation quote posts,L&D Manager | Head of Sales | Operations Head,practical upskilling tied to revenue and service outcomes
training_enablement,"Training, Enablement, and Performance Coaching",LinkedIn,Sales Teams,Mombasa,warm,10,18,"""manager coaching"" Kenya","""manager coaching"" Mombasa","Sales Teams ""manager coaching"" Kenya",Sales Teams buyer intent Kenya,Sales Teams procurement need Kenya,Sales Teams operations pain Kenya,free webinar posts | motivation quote posts,L&D Manager | Head of Sales | Operations Head,practical upskilling tied to revenue and service outcomes
training_enablement,"Training, Enablement, and Performance Coaching",LinkedIn,Sales Teams,Mombasa,warm,10,18,"""inconsistent team output"" Kenya","""inconsistent team output"" Mombasa","Sales Teams ""inconsistent team output"" Kenya",Sales Teams buyer intent Kenya,Sales Teams procurement need Kenya,Sales Teams operations pain Kenya,free webinar posts | motivation quote posts,L&D Manager | Head of Sales | Operations Head,practical upskilling tied to revenue and service outcomes
training_enablement,"Training, Enablement, and Performance Coaching",LinkedIn,Sales Teams,Mombasa,warm,10,18,"""onboarding quality"" Kenya","""onboarding quality"" Mombasa","Sales Teams ""onboarding quality"" Kenya",Sales Teams buyer intent Kenya,Sales Teams procurement need Kenya,Sales Teams operations pain Kenya,free webinar posts | motivation quote posts,L&D Manager | Head of Sales | Operations Head,practical upskilling tied to revenue and service outcomes
training_enablement,"Training, Enablement, and Performance Coaching",LinkedIn,Sales Teams,Kisumu,warm,10,18,"""need sales training"" Kenya","""need sales training"" Kisumu","Sales Teams ""need sales training"" Kenya",Sales Teams buyer intent Kenya,Sales Teams procurement need Kenya,Sales Teams operations pain Kenya,free webinar posts | motivation quote posts,L&D Manager | Head of Sales | Operations Head,practical upskilling tied to revenue and service outcomes
training_enablement,"Training, Enablement, and Performance Coaching",LinkedIn,Sales Teams,Kisumu,warm,10,18,"""team performance issue"" Kenya","""team performance issue"" Kisumu","Sales Teams ""team performance issue"" Kenya",Sales Teams buyer intent Kenya,Sales Teams procurement need Kenya,Sales Teams operations pain Kenya,free webinar posts | motivation quote posts,L&D Manager | Head of Sales | Operations Head,practical upskilling tied to revenue and service outcomes